drop table ITEM_CART;
drop table ITEM;
drop table SHIPMENT;
drop table PAYMENT;
drop table ORDERR;
drop table SELLER;
drop table CUSTOMER;
drop table SHIPPER;
drop table CATEGORYY;
drop table CART;
drop table REUSABLE_ITEM;
drop table ADDRESS;
drop table ADDRESS_ZIP;

CREATE TABLE ADDRESS_ZIP(
    AREA_CODE INT NOT NULL PRIMARY KEY,
    CITY VARCHAR(25) NOT NULL,
    STATEE VARCHAR(25) NOT NULL,
    COUNTRY VARCHAR(25) NOT NULL
);

CREATE TABLE ADDRESS(
   ADDRESS_ID INT NOT NULL PRIMARY KEY,
   ADDRESS_LINE1 VARCHAR (100) NOT NULL,
   ADDRESS_LINE2 VARCHAR (100),
   AREA_CODE INT NOT NULL,
   FOREIGN KEY(AREA_CODE) REFERENCES ADDRESS_ZIP(AREA_CODE)
);

CREATE TABLE REUSABLE_ITEM(
    R_ID INT NOT NULL PRIMARY KEY,
    NO_OF_TIMES_USED INT NOT NULL,
    I_DESCRIPTION VARCHAR(250)
);

CREATE TABLE CATEGORYY(
    CATEGORY_ID INT NOT NULL PRIMARY KEY,
    CATEGORY_NAME VARCHAR(50) NOT NULL
);

CREATE TABLE SHIPPER(
    SHIPPER_ID INT NOT NULL PRIMARY KEY,
    SH_NAME VARCHAR(50) NOT NULL,
    CONTACT_NUM INT NOT NULL
);

CREATE TABLE CUSTOMER(
   C_ID INT NOT NULL PRIMARY KEY,
   C_NAME VARCHAR (50) NOT NULL,
   C_USERNAME VARCHAR (20) NOT NULL,
   C_PASSWORD VARCHAR (20) NOT NULL,
   DATE_OF_BIRTH DATE,
   C_PHONE INT NOT NULL,
   C_EMAIL VARCHAR(25) NOT NULL,
   ADDRESS_ID INT,
   FOREIGN KEY(ADDRESS_ID) REFERENCES ADDRESS(ADDRESS_ID)
);

CREATE TABLE SELLER(
   S_ID INT NOT NULL PRIMARY KEY,
   S_NAME VARCHAR (50) NOT NULL,
   S_USERNAME VARCHAR (20) NOT NULL,
   S_PASSWORD VARCHAR (20) NOT NULL,
   S_PHONE INT NOT NULL,
   S_EMAIL VARCHAR(25) NOT NULL,
   ADDRESS_ID INT,
   FOREIGN KEY(ADDRESS_ID) REFERENCES ADDRESS(ADDRESS_ID)
);

CREATE TABLE CART(
    CART_ID INT NOT NULL PRIMARY KEY,
    NO_OF_ITEMS INT NOT NULL,
    TOTAL_COST INT NOT NULL
);

CREATE TABLE ORDERR(
    ORDER_ID INT NOT NULL PRIMARY KEY,
    ORDER_DATE DATE NOT NULL, 
    C_ID INT NOT NULL,
    FOREIGN KEY(C_ID) REFERENCES CUSTOMER(C_ID),
    CART_ID INT NOT NULL,
    FOREIGN KEY(CART_ID) REFERENCES CART(CART_ID)
);

CREATE TABLE PAYMENT(
    PAYMENT_ID INT NOT NULL PRIMARY KEY,
    AMOUNT INT NOT NULL,
    PAYMENT_MODE VARCHAR(20) NOT NULL,
    PAYMENT_DATE DATE NOT NULL,
    ORDER_ID INT NOT NULL,
    FOREIGN KEY(ORDER_ID) REFERENCES ORDERR(ORDER_ID)
);

CREATE TABLE SHIPMENT(
    SHIPMENT_ID INT NOT NULL PRIMARY KEY,
    SHIPMENT_DATE DATE NOT NULL,
    DELIVERY_STATUS VARCHAR(20) NOT NULL,
    ADDRESS_ID INT,
    FOREIGN KEY(ADDRESS_ID) REFERENCES ADDRESS(ADDRESS_ID),
    SHIPPER_ID INT,
    FOREIGN KEY(SHIPPER_ID) REFERENCES SHIPPER(SHIPPER_ID),
    PAYMENT_ID INT,
    FOREIGN KEY(PAYMENT_ID) REFERENCES PAYMENT(PAYMENT_ID)
);

CREATE TABLE ITEM(
    ITEM_ID INT NOT NULL PRIMARY KEY,
    ITEM_NAME VARCHAR(25) NOT NULL,
    PRICE INT NOT NULL,
    S_ID INT NOT NULL, 
    FOREIGN KEY(S_ID) REFERENCES SELLER(S_ID),
    R_ID INT,
    FOREIGN KEY(R_ID) REFERENCES REUSABLE_ITEM(R_ID),
    CATEGORY_ID INT NOT NULL, 
    FOREIGN KEY(CATEGORY_ID) REFERENCES CATEGORYY(CATEGORY_ID),
    C_ID INT,
    FOREIGN KEY(C_ID) REFERENCES CUSTOMER(C_ID)
);

CREATE TABLE ITEM_CART(
    ITEM_ID INT NOT NULL,
    CART_ID INT NOT NULL,
    PRIMARY KEY(ITEM_ID, CART_ID),
    FOREIGN KEY(ITEM_ID) REFERENCES ITEM(ITEM_ID),
    FOREIGN KEY(CART_ID) REFERENCES CART(CART_ID)
);

--Inserting data

INSERT INTO ADDRESS_ZIP VALUES(580023, 'BANGALORE', 'KARNATAKA', 'INDIA');
INSERT INTO ADDRESS_ZIP VALUES(02120, 'BOSTON', 'MASSACHUSETTS', 'USA');
INSERT INTO ADDRESS_ZIP VALUES(02125, 'BOSTON', 'MASSACHUSETTS', 'USA');
INSERT INTO ADDRESS_ZIP VALUES(10002, 'MUMBAI', 'MAHARASHTRA', 'INDIA');
INSERT INTO ADDRESS_ZIP VALUES(90201, 'LOS ANGELES', 'CALIFORNIA', 'USA');
INSERT INTO ADDRESS_ZIP VALUES(06700, 'CHENNAI', 'TAMIL NADU', 'INDIA');
INSERT INTO ADDRESS_ZIP VALUES(98109, 'SEATTLE', 'WASHINGTON', 'USA');
INSERT INTO ADDRESS_ZIP VALUES(411002, 'PUNE', 'MAHARASHTRA', 'INDIA');
INSERT INTO ADDRESS_ZIP VALUES(79808, 'KOLKATA', 'WEST BENGAL', 'INDIA');
INSERT INTO ADDRESS_ZIP VALUES(50014, 'GILBERT', 'ARIZONA', 'USA');
INSERT INTO ADDRESS_ZIP VALUES(70027, 'KOLKATA', 'WEST BENGAL', 'INDIA');
INSERT INTO ADDRESS_ZIP VALUES(60607, 'CHICAGO', 'IILIONIS', 'USA');
INSERT INTO ADDRESS_ZIP VALUES(73301, 'AUSTIN', 'TEXAS', 'USA');

INSERT INTO ADDRESS VALUES(1001, '45B SMITH STREET', 'ROXBURY ST', 02120);
INSERT INTO ADDRESS VALUES(1002, 'HNO 12 NEWBURY STREET', 'LONGWOOD ST', 73301);
INSERT INTO ADDRESS VALUES(1003, '24th OAK STREET', 'MASS AVENUE', 02125);
INSERT INTO ADDRESS VALUES(1004, '42nd CROSS', 'VIJAY NAGAR', 580023);
INSERT INTO ADDRESS VALUES(1005, '22D, BEACH STREET', 'BEVERLY HILLS', 90201);
INSERT INTO ADDRESS VALUES(1006, '18A, FENWAY PLAZA, 7th STREET', 'ROXBURY ST', 50014);
INSERT INTO ADDRESS VALUES(1007, 'HNO 67, VIDYA NAGAR', 'KESHWAPUR', 580023);
INSERT INTO ADDRESS VALUES(1008, '42E, PARK DRIVE', 'RODEO DRIVE', 90201);
INSERT INTO ADDRESS VALUES(1009, '2nd CUT, MASON STREET', 'ASHTON ST', 73301);
INSERT INTO ADDRESS VALUES(1010, '14F, GARDEN STREET', 'CHARCO ROAD', 50014);
INSERT INTO ADDRESS VALUES(1011, 'PLOT NO 2, 9th CROSS', 'CAMAC STREET', 70027);
INSERT INTO ADDRESS VALUES(1012, 'APT 1301, BRIGADE', 'BRIGADE GATEWAY', 580023);
INSERT INTO ADDRESS VALUES(1013, 'HNO 34', 'MINT STREET', 06700);
INSERT INTO ADDRESS VALUES(1014, '21A, NEAR BOXBON', 'PINE STREET', 98109);
INSERT INTO ADDRESS VALUES(1015, '12D, LONGWOOD', 'LECHEMERE', 02125);
INSERT INTO ADDRESS VALUES(1016, 'APT NO 17, SHANTI APARTMENT', 'MG ROAD', 411002);
INSERT INTO ADDRESS VALUES(1017, '180D, SOLICITE ROAD', 'DENNY WAY', 98109);
INSERT INTO ADDRESS VALUES(1018, '46L LONGWOOD', 'SYMPONY', 02125);
INSERT INTO ADDRESS VALUES(1019, '56B, DEART APARTMENT', 'ALIZO DR', 50014);
INSERT INTO ADDRESS VALUES(1020, 'HNO 72, 5th CROSS', 'TRIPOTO STREET', 06700);

INSERT INTO CATEGORYY VALUES(3001, 'FURNITURE');
INSERT INTO CATEGORYY VALUES(3002, 'CLOTH');
INSERT INTO CATEGORYY VALUES(3003, 'FOOTWEAR');
INSERT INTO CATEGORYY VALUES(3004, 'ELECTRONICS');
INSERT INTO CATEGORYY VALUES(3005, 'STATIONARY');

INSERT INTO SHIPPER VALUES(4001, 'JOHN', 6728638657);
INSERT INTO SHIPPER VALUES(4002, 'DAVID', 8768689990);
INSERT INTO SHIPPER VALUES(4003, 'RAM', 7723409876);
INSERT INTO SHIPPER VALUES(4004, 'JULIE', 7700098000);
INSERT INTO SHIPPER VALUES(4005, 'DANIEL', 9899956665);
INSERT INTO SHIPPER VALUES(4006, 'STEPHEN', 7722123443);
INSERT INTO SHIPPER VALUES(4007, 'EMILY', 8556012685);
INSERT INTO SHIPPER VALUES(4008, 'MILEY', 6777540011);
INSERT INTO SHIPPER VALUES(4009, 'MIKE', 8112345656);
INSERT INTO SHIPPER VALUES(4010, 'LISA', 9113789765);
INSERT INTO SHIPPER VALUES(4011, 'JAMES', 9904456543);


INSERT INTO CUSTOMER VALUES(5001, 'Siya', 'Siya27', 'Siya@2705', '27-05-2000', 86766786788, 'siya27@gmail.com', 1015);
INSERT INTO CUSTOMER VALUES(5002, 'Mathew', 'Mathew_Fred', 'Mathew#Fred', '21-04-1997', 7688099087, 'freddy@gmail.com', 1011);
INSERT INTO CUSTOMER VALUES(5003, 'Rahul', 'Rahul112', '11@Rahul', '11-01-1998', 6122219009, 'rahul11@gmail.com', 1004);
INSERT INTO CUSTOMER VALUES(5004, 'Jenny', 'JennyIKnow', 'Jenny@1234', '27-10-1995', 8883222098, 'jenny1234@gmail.com', 1016);
INSERT INTO CUSTOMER VALUES(5005, 'Steve', 'Stevyy', '1@Stevey', '01-07-1999', 9990128410, 'steve1@yahoo.com', 1019);
INSERT INTO CUSTOMER VALUES(5006, 'Priya', 'Ipriya', 'Priya#92002', '09-11-2002', 9384645372, 'priya92@gmail.com', 1005);
INSERT INTO CUSTOMER VALUES(5007, 'Katy', 'ItsKaty', 'Katy@999', '17-09-1999', 87101012002, 'katy999@gmail.com', 1001);
INSERT INTO CUSTOMER VALUES(5008, 'Ashish', '798Ashish', 'Ash#6789', '07-02-1998', 6002304010, 'ash789@yahoo.com', 1003);
INSERT INTO CUSTOMER VALUES(5009, 'Karan', 'MeKaran', 'Karan1234#', '12-03-2004', 8116172821, 'karan1234@gmail.com', 1009);
INSERT INTO CUSTOMER VALUES(5010, 'Mia', 'MiaRight', 'Mia@11111', '14-02-1996', 6434011282, 'mia11111@gyahoomail.com', 1007);
INSERT INTO CUSTOMER VALUES(5001, 'John', 'Jonny', 'Jonny#56', '05-06-1995', 86766786788, 'jonny56@gmail.com', 1015);
INSERT INTO CUSTOMER VALUES(5001, 'Rohit', 'RohitMeh', 'MehreRo@12', '12-12-1998', 8223400116, 'meh_roh@gmail.com', 1007);
INSERT INTO CUSTOMER VALUES(5001, 'Alia', 'AliaCool', 'Alia@0398', '03-09-1998', 9997600216, 'alia0398@gmail.com', 1013);
INSERT INTO CUSTOMER VALUES(5001, 'Tina', 'Tintin', 'Tintin@44', '04-04-1996', 6800333345, 'tinaa44@yahoo.com', 1020);
INSERT INTO CUSTOMER VALUES(5001, 'Mike', 'Mikeyboy', 'Boy$1234', '12-03-1994', 7556091009, 'mike1234@gmail.com', 1012);
INSERT INTO CUSTOMER VALUES(5001, 'David', 'DavidY', 'David#123', '09-11-1999', 7565111342, 'david12@yahoo.com', 1008);
INSERT INTO CUSTOMER VALUES(5001, 'Riya', 'RiyaD', 'D@Riya12', '21-12-2000', 8110592387, 'riyaD12@yahoo.com', 1017);
INSERT INTO CUSTOMER VALUES(5001, 'George', 'Georegyy', 'George@1234', '24-07-1995', 9150384926, '1234george@gmail.com', 1002);
INSERT INTO CUSTOMER VALUES(5001, 'Emma', 'EmmaW', 'Emma177#', '17-07-1996', 7003160314, 'wemma@gmail.com', 1018);
INSERT INTO CUSTOMER VALUES(5001, 'Aman', 'Aman10', '0997@Aman', '09-10-1997', 8422450776, 'aman0997@gmail.com', 1010);


INSERT INTO SELLER VALUES(6001, 'Camila', 'CamilaM', 'Camila#55', 4656009000, 'camila55@gmail.com', 1001);
INSERT INTO SELLER VALUES(6002, 'Noah', 'Noah_C', 'Noah#4567', 8811312266, 'noah45@gmail.com', 1004);
INSERT INTO SELLER VALUES(6003, 'Priyanka', 'Priyanka', 'Priyanka99_#', 9944654473, 'priyanka9@yahoo.com', 1016);
INSERT INTO SELLER VALUES(6004, 'Luna', 'LunaLog', '1@Luna#0', 8112204412, 'luna10@gmail.com', 1019);
INSERT INTO SELLER VALUES(6005, 'Oliver', 'OliverPh', 'P@Oliver4', 9778117603, 'oliver4@gmail.com', 1020);
INSERT INTO SELLER VALUES(6006, 'Sejal', 'Sejal_Use', 'Sejal#88', 6660952761, 'sejal33@gmail.com', 1003);
INSERT INTO SELLER VALUES(6007, 'Thomas', 'ThomasE', 'Thomas@E15', 8160362898, 'thomas15@yahoo.com', 1012);
INSERT INTO SELLER VALUES(6008, 'Mila', 'MilaMake', 'Mila58#', 7600194879, 'mila58@gmail.com', 10051);
INSERT INTO SELLER VALUES(6009, 'Diya', 'DiyaDay', '12@Diya', 7660009123, 'diya@yahoo.com', 1007);
INSERT INTO SELLER VALUES(6010, 'Issac', 'Issac_N', 'Issac7&8', 8333045176, 'issac78@gmail.com', 1010);
INSERT INTO SELLER VALUES(6011, 'Tejas', 'Tejas_U', '1234#Tejas', 9812421890, 'tejas1234@gmail.com', 10013);
